{
  "extractor": {
    "sections": [
      "basic_info",
      "overview",
      "term_offerings",
      "requirements",
      "fees",
      "admission",
      "other",
      "learning_outcomes",
      "corequisites"
    ],
    "page_types": [
      "course",
      "program",
      "other"
    ],
    "feature_names": [
      "retrieval_score",
      "retrieval_score_norm",
      "rank_reciprocal",
      "is_rank1",
      "is_rank2",
      "is_rank3",
      "question_chunk_overlap_count",
      "question_chunk_overlap_ratio",
      "question_title_overlap_ratio",
      "question_section_overlap_ratio",
      "code_mentioned_in_question",
      "chunk_log_len",
      "question_log_len",
      "section=basic_info",
      "section=overview",
      "section=term_offerings",
      "section=requirements",
      "section=fees",
      "section=admission",
      "section=other",
      "section=learning_outcomes",
      "section=corequisites",
      "page_type=course",
      "page_type=program",
      "page_type=other"
    ]
  },
  "model": {
    "lr": 0.05,
    "epochs": 800,
    "l2": 0.001,
    "seed": 42,
    "weights": [
      0.04797661677002907,
      0.8810925483703613,
      0.30241233110427856,
      0.3924330174922943,
      -0.23518569767475128,
      -0.37829747796058655,
      0.15566697716712952,
      0.3146118223667145,
      -0.09234380722045898,
      0.23604212701320648,
      0.5363336205482483,
      -0.38789618015289307,
      -0.06879782676696777,
      -0.08344193547964096,
      0.7485454678535461,
      0.5609841346740723,
      0.14641709625720978,
      -0.7204113602638245,
      -0.5064547657966614,
      -0.00047968217404559255,
      -0.16460855305194855,
      -0.3471742272377014,
      -0.0666559487581253,
      0.07691733539104462,
      -0.00411532586440444
    ],
    "bias": -1.2624401347129603,
    "mean": [
      0.015476247295737267,
      0.4570489823818207,
      0.4566681683063507,
      0.20000000298023224,
      0.20000000298023224,
      0.20000000298023224,
      2.6673266887664795,
      0.38562527298927307,
      0.004927706439048052,
      0.04108911007642746,
      0.9504950642585754,
      3.75179386138916,
      2.038731098175049,
      0.18910890817642212,
      0.13762375712394714,
      0.21980197727680206,
      0.11980198323726654,
      0.10396039485931396,
      0.13960395753383636,
      0.0,
      0.040594059973955154,
      0.049504950642585754,
      0.6237623691558838,
      0.3762376308441162,
      0.0
    ],
    "std": [
      0.0011877862270921469,
      0.39107897877693176,
      0.29013434052467346,
      0.39999911189079285,
      0.39999911189079285,
      0.39999911189079285,
      1.4563708305358887,
      0.17814770340919495,
      0.02539089135825634,
      0.18891242146492004,
      0.21691718697547913,
      0.7494140267372131,
      0.1955985724925995,
      0.3915950357913971,
      0.34450626373291016,
      0.4141097962856293,
      0.32472872734069824,
      0.30521002411842346,
      0.3465728461742401,
      1.0,
      0.19734804332256317,
      0.2169194519519806,
      0.4844420552253723,
      0.4844420552253723,
      1.0
    ]
  },
  "metadata": {
    "annotations": "annotations.csv",
    "retrieval_method": "hybrid",
    "top_k": 5,
    "hybrid_bm25_weight": 0.6,
    "hybrid_dense_weight": 0.4,
    "train_examples": 202,
    "test_examples": 50,
    "seed": 42,
    "test_size": 0.2
  }
}